priorité (nb dashboards),client,QUESTION,option 1,option 2,option 3,contexte (pour aider),dashboards concernés,✍️ TA RÉPONSE,ref
3,900.care,La 2ᵉ conversion (position 2) est utilisée dans des dashboards mais n'a pas de conversion nommée. Laquelle est-ce ?,,,,,"3 dash : 02. Leviers | 900.Care - VF, Audiences Performances | 900.c, E-commerce Social Overview - B",,900.care§2§NON_MAPPE_UTILISE
1,Arrago,"Pour la 1ʳᵉ conversion (position 1), plusieurs conversions nommées sont possibles selon le compte. Laquelle est la bonne ?",Leads,Marketing Qualified Leads,,Marketing Qualified Leads [meta/Arrago V2/complete_registration] ; Leads [google analytics 4/Arrago GA4/form_start],1 dash : Suivi des conversions | Arrago,,Arrago§1§CONFLIT
1,Arrago,"Pour la 2ᵉ conversion (position 2), plusieurs conversions nommées sont possibles selon le compte. Laquelle est la bonne ?",Leads,Marketing Qualified Leads,,Leads [meta/Arrago V2/contact_total] ; Marketing Qualified Leads [google analytics 4/Arrago GA4/Form_validate_V2] ; Marketing Qualified Leads [google analytics 4/Arrago GA4/simulateur_eligible],1 dash : Suivi des conversions | Arrago,,Arrago§2§CONFLIT
4,BYmyCAR,"Pour la conversion PRINCIPALE, plusieurs conversions nommées sont possibles selon le compte. Laquelle est la bonne ?",Custom 11,Custom 14,Leads,Leads [google/Bymycar Be/Atelier] ; Leads [google/Bymycar Ch/Callback] ; Leads [google/Bymycar Be/Callback] ; Leads [google/BYmyCAR/Concession - Demande Rdv] ; Leads [google analytics 4/BYmyCAR | GA4/,"4 dash : Lead Gen (Multichannel) | BYmy, Lead Gen (Multichannel) | BYmy, Lead Gen (Multichannel) | BYmy…",,BYmyCAR§0§CONFLIT
0,BYmyCAR,L'ordre des conversions est ambigu ici. Précise quelle conversion nommée correspond à la conversion PRINCIPALE.,,,,google/Bymycar Es/Contacto Taller,,,BYmyCAR§0§PAIRING_AMBIGU
0,BYmyCAR,L'ordre des conversions est ambigu ici. Précise quelle conversion nommée correspond à la conversion PRINCIPALE.,,,,google/Bymycar Es/Dexem Calls,,,BYmyCAR§0§PAIRING_AMBIGU
0,BYmyCAR,L'ordre des conversions est ambigu ici. Précise quelle conversion nommée correspond à la conversion PRINCIPALE.,,,,google/Bymycar Es/Prise de rendez-vous,,,BYmyCAR§0§PAIRING_AMBIGU
0,BYmyCAR,L'ordre des conversions est ambigu ici. Précise quelle conversion nommée correspond à la conversion PRINCIPALE.,,,,google/BYmyCAR/Website | Formulaire Marketing Cloud,,,BYmyCAR§0§PAIRING_AMBIGU
0,BYmyCAR,L'ordre des conversions est ambigu ici. Précise quelle conversion nommée correspond à la conversion PRINCIPALE.,,,,google/BYmyCAR/Dexem Calls,,,BYmyCAR§0§PAIRING_AMBIGU
0,BYmyCAR,L'ordre des conversions est ambigu ici. Précise quelle conversion nommée correspond à la conversion PRINCIPALE.,,,,google/BYmyCAR/Website | Recevoir Offre,,,BYmyCAR§0§PAIRING_AMBIGU
1,Be Radiance,La conversion principale est utilisée dans des dashboards mais n'a pas de conversion nommée. Laquelle est-ce ?,,,,,1 dash : Performances | Overview | BeRa,,Be Radiance§0§NON_MAPPE_UTILISE
4,BeneBono,"Pour la 1ʳᵉ conversion (position 1), plusieurs conversions nommées sont possibles selon le compte. Laquelle est la bonne ?",Custom 6,Sign ups,,Sign ups [meta/[fr] Bene Bono - Legacy/subscribe_website] ; Sign ups [meta/Bene Bono [fr]/subscribe_website] ; Sign ups [meta/[es] Bene Bono - Legacy/subscribe_website] ; Custom 6 [tiktok/Taste It/tot,"4 dash : Bene Bono | Performances Globa, Bene Bono | Performances par L, Bene Bono | SEA Performances p…",,BeneBono§1§CONFLIT
3,CapCar,"Pour la conversion PRINCIPALE, plusieurs conversions nommées sont possibles selon le compte. Laquelle est la bonne ?",Custom 1,Leads,,Leads [meta/Capcar Acheteur/offsite_conversion.fb_pixel_custom.Candidature] ; Custom 1 [meta/Capcar Acheteur/offsite_conversion.fb_pixel_custom.RegistrationCompleted],"3 dash : CapCar - Homepage, CapCar - Performances by adset, Recrutement Agents",,CapCar§0§CONFLIT
3,Cirque du Soleil,La 3ᵉ conversion (position 3) est utilisée dans des dashboards mais n'a pas de conversion nommée. Laquelle est-ce ?,,,,,"3 dash : Home | ALEGRIA, Home | OVO, [OLD] Social Adsets and Ads  |",,Cirque du Soleil§3§NON_MAPPE_UTILISE
2,Distingo Bank,"Pour la conversion PRINCIPALE, plusieurs conversions nommées sont possibles selon le compte. Laquelle est la bonne ?",Custom 3,Leads,,Custom 3 [google/PSA Banque/call back] ; Leads [google analytics 4/Psa Banque/souscription_livret_100%_ligne],"2 dash : PSA Banque | Paid Global, PSA Banque | SEA Performances ",,Distingo Bank§0§CONFLIT
2,Distingo Bank,La 1ʳᵉ conversion (position 1) est utilisée dans des dashboards mais n'a pas de conversion nommée. Laquelle est-ce ?,,,,,"2 dash : PSA Banque | Breakdown par con, PSA Banque | SEA Performances ",,Distingo Bank§1§NON_MAPPE_UTILISE
2,Distingo Bank,La 2ᵉ conversion (position 2) est utilisée dans des dashboards mais n'a pas de conversion nommée. Laquelle est-ce ?,,,,,"2 dash : PSA Banque | Breakdown par con, PSA Banque | Paid Global",,Distingo Bank§2§NON_MAPPE_UTILISE
0,Distingo Bank,L'ordre des conversions est ambigu ici. Précise quelle conversion nommée correspond à la conversion PRINCIPALE.,,,,google/PSA Banque/Livret Epargne - Formulaire 100% en ligne,,,Distingo Bank§0§PAIRING_AMBIGU
0,Distingo Bank,L'ordre des conversions est ambigu ici. Précise quelle conversion nommée correspond à la conversion PRINCIPALE.,,,,google/PSA Banque/Livret Epargne - Formulaire Complet (courrier),,,Distingo Bank§0§PAIRING_AMBIGU
2,Dougs,La conversion principale est utilisée dans des dashboards mais n'a pas de conversion nommée. Laquelle est-ce ?,,,,,"2 dash : Dougs | Cold Leads | 2026, Dougs | Global",,Dougs§0§NON_MAPPE_UTILISE
1,Dougs,La 1ʳᵉ conversion (position 1) est utilisée dans des dashboards mais n'a pas de conversion nommée. Laquelle est-ce ?,,,,,1 dash : Dougs | Global,,Dougs§1§NON_MAPPE_UTILISE
1,Ecopia,"Pour la conversion PRINCIPALE, plusieurs conversions nommées sont possibles selon le compte. Laquelle est la bonne ?",Marketing Qualified Leads,Offline sales,,Marketing Qualified Leads [google/Ecopia/Candidature] ; Offline sales [google/Ecopia/Candidature (offline)] ; Marketing Qualified Leads [meta/Ecopia/offsite_conversion.fb_pixel_lead] ; Marketing Quali,1 dash : Ecopia | Home,,Ecopia§0§CONFLIT
0,Ecopia,L'ordre des conversions est ambigu ici. Précise quelle conversion nommée correspond à la conversion PRINCIPALE.,,,,google/Ecopia/Admission,,,Ecopia§0§PAIRING_AMBIGU
5,Enlaps,"Pour la conversion PRINCIPALE, plusieurs conversions nommées sont possibles selon le compte. Laquelle est la bonne ?",Leads,Purchases,,Leads [google/Enlaps/ENLAPS-Réservation Démo Individuelle] ; Leads [meta/Antoine Auberton/offsite_conversion.fb_pixel_custom.invitee_meeting_scheduled] ; Leads [linkedin/Enlaps/one_click_leads] ; Purc,"5 dash : Enlaps - Achat - Performance G, Enlaps - Achat - Performances , Enlaps - Demo - Campagnes…",,Enlaps§0§CONFLIT
1,Father and Sons,"Pour la 1ʳᵉ conversion (position 1), plusieurs conversions nommées sont possibles selon le compte. Laquelle est la bonne ?",Custom 1,Paid search visits (custom conv meta),,Custom 1 [tiktok/Father & Sons/follows] ; Paid search visits (custom conv meta) [pinterest/Sas Father And Sons/page_visit],1 dash : Sponso | Home,,Father and Sons§1§CONFLIT
1,Gamin Tout Terrain,"Pour la conversion PRINCIPALE, plusieurs conversions nommées sont possibles selon le compte. Laquelle est la bonne ?",Add to cart,Purchases,,Purchases [google/Owlet France/Achat] ; Purchases [google/Gtt | Baby Brezza/Achats - GG Ads] ; Add to cart [google analytics 4/Owlet Fr/add_to_cart] ; Purchases [meta/Babybrezza/omni_purchase] ; Purch,1 dash : Home | GTT,,Gamin Tout Terrain§0§CONFLIT
3,HomeExchange,"Pour la conversion PRINCIPALE, plusieurs conversions nommées sont possibles selon le compte. Laquelle est la bonne ?",Custom 1,Purchases,,Custom 1 [google/Homeexchange Collection F/HEC - Home creation - Home created] ; Purchases [meta/Homeexchange Collection F/omni_purchase],"3 dash : Leadgen - global perf template, Leadgen - global perf template, Leadgen - global perf template",,HomeExchange§0§CONFLIT
1,HomeExchange,La 4ᵉ conversion (position 4) est utilisée dans des dashboards mais n'a pas de conversion nommée. Laquelle est-ce ?,,,,,1 dash : Comparaison YoY - HomeExchange,,HomeExchange§4§NON_MAPPE_UTILISE
0,HomeExchange,L'ordre des conversions est ambigu ici. Précise quelle conversion nommée correspond à la conversion PRINCIPALE.,,,,google/HomeExchange/HE - Home creation - Home 80 percent,,,HomeExchange§0§PAIRING_AMBIGU
3,Les petits culottés,La 11ᵉ conversion (position 11) est utilisée dans des dashboards mais n'a pas de conversion nommée. Laquelle est-ce ?,,,,,"3 dash : LPC | Perfs globales (shared), LPC | Perfs par produits Googl, LPC | Perfs par produits Meta ",,Les petits culottés§11§NON_MAPPE_UTILISE
3,Les petits culottés,La 13ᵉ conversion (position 13) est utilisée dans des dashboards mais n'a pas de conversion nommée. Laquelle est-ce ?,,,,,"3 dash : LPC | Perfs globales (shared), LPC | Perfs par produits Googl, LPC | Perfs par produits Meta ",,Les petits culottés§13§NON_MAPPE_UTILISE
3,Les petits culottés,La 1ʳᵉ conversion (position 1) est utilisée dans des dashboards mais n'a pas de conversion nommée. Laquelle est-ce ?,,,,,"3 dash : LPC | Perfs globales (shared), LPC | Perfs par produits Googl, LPC | Perfs par produits Meta ",,Les petits culottés§1§NON_MAPPE_UTILISE
3,Les petits culottés,La 2ᵉ conversion (position 2) est utilisée dans des dashboards mais n'a pas de conversion nommée. Laquelle est-ce ?,,,,,"3 dash : LPC | Perfs globales (shared), LPC | Perfs par produits Googl, LPC | Perfs par produits Meta ",,Les petits culottés§2§NON_MAPPE_UTILISE
3,Les petits culottés,La 3ᵉ conversion (position 3) est utilisée dans des dashboards mais n'a pas de conversion nommée. Laquelle est-ce ?,,,,,"3 dash : LPC | Perfs globales (shared), LPC | Perfs par produits Googl, LPC | Perfs par produits Meta ",,Les petits culottés§3§NON_MAPPE_UTILISE
3,Les petits culottés,La 4ᵉ conversion (position 4) est utilisée dans des dashboards mais n'a pas de conversion nommée. Laquelle est-ce ?,,,,,"3 dash : LPC | Perfs globales (shared), LPC | Perfs par produits Googl, LPC | Perfs par produits Meta ",,Les petits culottés§4§NON_MAPPE_UTILISE
3,Les petits culottés,La 9ᵉ conversion (position 9) est utilisée dans des dashboards mais n'a pas de conversion nommée. Laquelle est-ce ?,,,,,"3 dash : LPC | Perfs globales (shared), LPC | Perfs par produits Googl, LPC | Perfs par produits Meta ",,Les petits culottés§9§NON_MAPPE_UTILISE
2,Les petits culottés,La 10ᵉ conversion (position 10) est utilisée dans des dashboards mais n'a pas de conversion nommée. Laquelle est-ce ?,,,,,"2 dash : LPC | Perfs par produits Googl, LPC | Perfs par produits Meta ",,Les petits culottés§10§NON_MAPPE_UTILISE
2,Les petits culottés,La 12ᵉ conversion (position 12) est utilisée dans des dashboards mais n'a pas de conversion nommée. Laquelle est-ce ?,,,,,"2 dash : LPC | Perfs par produits Googl, LPC | Perfs par produits Meta ",,Les petits culottés§12§NON_MAPPE_UTILISE
2,Les petits culottés,La 14ᵉ conversion (position 14) est utilisée dans des dashboards mais n'a pas de conversion nommée. Laquelle est-ce ?,,,,,"2 dash : LPC | Perfs par produits Googl, LPC | Perfs par produits Meta ",,Les petits culottés§14§NON_MAPPE_UTILISE
2,Les petits culottés,La 16ᵉ conversion (position 16) est utilisée dans des dashboards mais n'a pas de conversion nommée. Laquelle est-ce ?,,,,,"2 dash : LPC | Perfs par produits Googl, LPC | Perfs par produits Meta ",,Les petits culottés§16§NON_MAPPE_UTILISE
2,Les petits culottés,La 17ᵉ conversion (position 17) est utilisée dans des dashboards mais n'a pas de conversion nommée. Laquelle est-ce ?,,,,,"2 dash : LPC | Perfs par produits Googl, LPC | Perfs par produits Meta ",,Les petits culottés§17§NON_MAPPE_UTILISE
2,Les petits culottés,La 18ᵉ conversion (position 18) est utilisée dans des dashboards mais n'a pas de conversion nommée. Laquelle est-ce ?,,,,,"2 dash : LPC | Perfs par produits Googl, LPC | Perfs par produits Meta ",,Les petits culottés§18§NON_MAPPE_UTILISE
2,Les petits culottés,La 7ᵉ conversion (position 7) est utilisée dans des dashboards mais n'a pas de conversion nommée. Laquelle est-ce ?,,,,,"2 dash : LPC | Perfs par produits Googl, LPC | Perfs par produits Meta ",,Les petits culottés§7§NON_MAPPE_UTILISE
2,Les petits culottés,La 8ᵉ conversion (position 8) est utilisée dans des dashboards mais n'a pas de conversion nommée. Laquelle est-ce ?,,,,,"2 dash : LPC | Perfs par produits Googl, LPC | Perfs par produits Meta ",,Les petits culottés§8§NON_MAPPE_UTILISE
12,Lunii,La 1ʳᵉ conversion (position 1) est utilisée dans des dashboards mais n'a pas de conversion nommée. Laquelle est-ce ?,,,,,"12 dash : Détail Performance Max | Netwo, FAH - Devices - NC | Lunii, Levier & Perf campagnes + sear…",,Lunii§1§NON_MAPPE_UTILISE
10,Lunii,La 5ᵉ conversion (position 5) est utilisée dans des dashboards mais n'a pas de conversion nommée. Laquelle est-ce ?,,,,,"10 dash : Détail Performance Max | Netwo, Levier & Perf campagnes + sear, Lunii Global…",,Lunii§5§NON_MAPPE_UTILISE
9,Lunii,La 6ᵉ conversion (position 6) est utilisée dans des dashboards mais n'a pas de conversion nommée. Laquelle est-ce ?,,,,,"9 dash : Détail Performance Max | Netwo, FAH - Devices - NC | Lunii, Levier & Perf campagnes + sear…",,Lunii§6§NON_MAPPE_UTILISE
1,Lunii,La 15ᵉ conversion (position 15) est utilisée dans des dashboards mais n'a pas de conversion nommée. Laquelle est-ce ?,,,,,1 dash : Lunii | Devices,,Lunii§15§NON_MAPPE_UTILISE
8,Quitoque,La 6ᵉ conversion (position 6) est utilisée dans des dashboards mais n'a pas de conversion nommée. Laquelle est-ce ?,,,,,"8 dash : Focus Evolution | Quitoque, Focus | Quitoque, Home Macro | Quitoque…",,Quitoque§6§NON_MAPPE_UTILISE
6,Quitoque,La 4ᵉ conversion (position 4) est utilisée dans des dashboards mais n'a pas de conversion nommée. Laquelle est-ce ?,,,,,"6 dash : Focus Evolution | Quitoque, Focus | Quitoque, Home Macro | Quitoque…",,Quitoque§4§NON_MAPPE_UTILISE
3,Quitoque,La 2ᵉ conversion (position 2) est utilisée dans des dashboards mais n'a pas de conversion nommée. Laquelle est-ce ?,,,,,"3 dash : Home Macro | Quitoque, Lead Gen - Version | Quitoque, Quitoque | SEA | Focus",,Quitoque§2§NON_MAPPE_UTILISE
2,Quitoque,La 1ʳᵉ conversion (position 1) est utilisée dans des dashboards mais n'a pas de conversion nommée. Laquelle est-ce ?,,,,,"2 dash : Lead Gen - Version | Quitoque, Quitoque | SEA | Focus",,Quitoque§1§NON_MAPPE_UTILISE
1,Quitoque,La 3ᵉ conversion (position 3) est utilisée dans des dashboards mais n'a pas de conversion nommée. Laquelle est-ce ?,,,,,1 dash : Lead Gen - Version | Quitoque,,Quitoque§3§NON_MAPPE_UTILISE
1,Quitoque,La 5ᵉ conversion (position 5) est utilisée dans des dashboards mais n'a pas de conversion nommée. Laquelle est-ce ?,,,,,1 dash : Focus | Quitoque,,Quitoque§5§NON_MAPPE_UTILISE
1,Quitoque,La 7ᵉ conversion (position 7) est utilisée dans des dashboards mais n'a pas de conversion nommée. Laquelle est-ce ?,,,,,1 dash : Fidélisation | Quitoque,,Quitoque§7§NON_MAPPE_UTILISE
5,Quiz Room,"Pour la conversion PRINCIPALE, plusieurs conversions nommées sont possibles selon le compte. Laquelle est la bonne ?",Custom 1,Custom 2,Custom 3,Custom 3 [google analytics 4/Quiz Room GA4 - FR/achat___confirmation_réservation] ; Custom 1 [google/Quiz Room GAds/Affichage email - GTM] ; Custom 1 [google/Quiz Room GAds/Affichage numéro - GTM] ; C,"5 dash : Acquisition multi-domaines | Q, Franchises | Quiz Room (EN), Franchisés | Quiz Room (FR)…",,Quiz Room§0§CONFLIT
4,Quiz Room,"Pour la 1ʳᵉ conversion (position 1), plusieurs conversions nommées sont possibles selon le compte. Laquelle est la bonne ?",Custom 1,Leads,,Leads [google/Quiz Room GAds/Affichage email - GTM] ; Leads [google/Quiz Room GAds/Affichage numéro - GTM] ; Custom 1 [google analytics 4/Quiz Room GA4 - FR/affichage_email] ; Custom 1 [google analyti,"4 dash : Franchises | Quiz Room (EN), Franchisés | Quiz Room (FR), Global Paid | Quiz Room…",,Quiz Room§1§CONFLIT
0,Quiz Room,L'ordre des conversions est ambigu ici. Précise quelle conversion nommée correspond à la conversion PRINCIPALE.,,,,google/Quiz Room GAds/Clicks to call,,,Quiz Room§0§PAIRING_AMBIGU
1,Redesk,La 1ʳᵉ conversion (position 1) est utilisée dans des dashboards mais n'a pas de conversion nommée. Laquelle est-ce ?,,,,,1 dash : Global - Redesk,,Redesk§1§NON_MAPPE_UTILISE
2,Reputation,"Pour la 1ʳᵉ conversion (position 1), plusieurs conversions nommées sont possibles selon le compte. Laquelle est la bonne ?",Content views OR View Item,Sales Qualified Leads,,Sales Qualified Leads [google analytics 4/Reputation.com Enterprise/Get a Demo Click] ; Content views OR View Item [linkedin/Reputation/opens],"2 dash : Performances multichannel | Re, Performances | Google Ads",,Reputation§1§CONFLIT
2,Reputation,"Pour la 1ʳᵉ conversion (position 1), la valeur saisie est un choix non tranché. Laquelle retenir ?",Content views,View Item,,linkedin/Reputation/opens,"2 dash : Performances multichannel | Re, Performances | Google Ads",,Reputation§1§INDECIS (… OR …)
1,Richardson,La 1ʳᵉ conversion (position 1) est utilisée dans des dashboards mais n'a pas de conversion nommée. Laquelle est-ce ?,,,,,1 dash : Mattout | Performances Globale,,Richardson§1§NON_MAPPE_UTILISE
1,Richardson,La 4ᵉ conversion (position 4) est utilisée dans des dashboards mais n'a pas de conversion nommée. Laquelle est-ce ?,,,,,1 dash : Mattout | Performances Globale,,Richardson§4§NON_MAPPE_UTILISE
10,Rivadouce,"Pour la conversion PRINCIPALE, plusieurs conversions nommées sont possibles selon le compte. Laquelle est la bonne ?",Custom 1,Purchases,,Purchases [google/Auriège E-shop GAds/Achat] ; Purchases [google/Rivadispro GAds/Commande - Confirmation] ; Purchases [google/Rivadouce GAds/Google Ads - Purchase] ; Custom 1 [google/Rivadouce GAds/Go,"10 dash : Ads & Audiences Analysis | Riv, Focus ROIste, GA4 Overview…",,Rivadouce§0§CONFLIT
3,Rivadouce,"Pour la 1ʳᵉ conversion (position 1), plusieurs conversions nommées sont possibles selon le compte. Laquelle est la bonne ?",Leads,Purchases,,Leads [google/Auriège E-shop GAds/Formulaire - Recrutement de VDI] ; Purchases [google/Rivadouce GAds/Google Ads - Purchase First Order] ; Purchases [meta/Rivadouce Meta/offsite_conversion.fb_pixel_cu,"3 dash : Focus ROIste, Performances Globales, Rivadis | Home (Gaby)",,Rivadouce§1§CONFLIT
2,Rivadouce,"Pour la 2ᵉ conversion (position 2), plusieurs conversions nommées sont possibles selon le compte. Laquelle est la bonne ?",Initiate checkouts,Sign ups,,Sign ups [google/Rivadispro GAds/Clic sur Connexion] ; Initiate checkouts [meta/Rivadouce Meta/initiate_checkout],"2 dash : Ads & Audiences Analysis | Riv, Performances Globales",,Rivadouce§2§CONFLIT
5,U2P,La conversion principale est utilisée dans des dashboards mais n'a pas de conversion nommée. Laquelle est-ce ?,,,,,"5 dash : Google - Créer reprendre, Google - Vision Globale, Google Analytics 4 - Home…",,U2P§0§NON_MAPPE_UTILISE
16,Welcome to the Jungle,La conversion principale est utilisée dans des dashboards mais n'a pas de conversion nommée. Laquelle est-ce ?,,,,,"16 dash : Chilowé | Performances par Lev, Komilfo | Performances par Lev, Komilfo | Performances par Lev…",,Welcome to the Jungle§0§NON_MAPPE_UTILISE
11,Welcome to the Jungle,La 2ᵉ conversion (position 2) est utilisée dans des dashboards mais n'a pas de conversion nommée. Laquelle est-ce ?,,,,,"11 dash : Komilfo | Performances par Lev, Komilfo | Performances par Lev, Sami | Performances par Levier…",,Welcome to the Jungle§2§NON_MAPPE_UTILISE
2,Welcome to the Jungle,La 5ᵉ conversion (position 5) est utilisée dans des dashboards mais n'a pas de conversion nommée. Laquelle est-ce ?,,,,,"2 dash : WTTJ | Overview, WTTJ | Performances par taille",,Welcome to the Jungle§5§NON_MAPPE_UTILISE
0,Welcome to the Jungle,L'ordre des conversions est ambigu ici. Précise quelle conversion nommée correspond à la conversion PRINCIPALE.,,,,meta/Welcome To The Jungle B2b Fr/offsite_conversion.fb_pixel_lead,,,Welcome to the Jungle§0§PAIRING_AMBIGU
0,Welcome to the Jungle,L'ordre des conversions est ambigu ici. Précise quelle conversion nommée correspond à la conversion PRINCIPALE.,,,,linkedin/Wttj - B2b - Fr (2021)/one_click_leads,,,Welcome to the Jungle§0§PAIRING_AMBIGU
0,Welcome to the Jungle,L'ordre des conversions est ambigu ici. Précise quelle conversion nommée correspond à la conversion PRINCIPALE.,,,,google/Wttj - B2b - Uk/B2B Form Submission,,,Welcome to the Jungle§0§PAIRING_AMBIGU
0,Welcome to the Jungle,L'ordre des conversions est ambigu ici. Précise quelle conversion nommée correspond à la conversion PRINCIPALE.,,,,google/Wttj - B2b - Fr/Submit Contact Form (Pro Website) - FR,,,Welcome to the Jungle§0§PAIRING_AMBIGU
0,Welcome to the Jungle,L'ordre des conversions est ambigu ici. Précise quelle conversion nommée correspond à la conversion PRINCIPALE.,,,,linkedin/Wttj - B2b - Fr (2021)/linkedin_conversions,,,Welcome to the Jungle§0§PAIRING_AMBIGU
1,Yooji,"Pour la 1ʳᵉ conversion (position 1), plusieurs conversions nommées sont possibles selon le compte. Laquelle est la bonne ?",Content views OR View Item,Custom 1,,Custom 1 [google/Yooji GAds/Custom Conv Packs Div Prot] ; Custom 1 [meta/Yooji_spark/offsite_conversion.fb_pixel_custom.PacksDivProt] ; Content views OR View Item [google analytics 4/Yooji GA4/page_vi,1 dash : 2. Leviers | Yooji,,Yooji§1§CONFLIT
1,Yooji,"Pour la 1ʳᵉ conversion (position 1), la valeur saisie est un choix non tranché. Laquelle retenir ?",Content views,View Item,,google analytics 4/Yooji GA4/page_view,1 dash : 2. Leviers | Yooji,,Yooji§1§INDECIS (… OR …)
1,Yooji,La 4ᵉ conversion (position 4) est utilisée dans des dashboards mais n'a pas de conversion nommée. Laquelle est-ce ?,,,,,1 dash : Global - Yooji Blended,,Yooji§4§NON_MAPPE_UTILISE
5,Zenchef,La 1ʳᵉ conversion (position 1) est utilisée dans des dashboards mais n'a pas de conversion nommée. Laquelle est-ce ?,,,,,"5 dash : Chilowé | Performances par Lev, Zenchef | Performances Globale, Zenchef | Performances par Lev…",,Zenchef§1§NON_MAPPE_UTILISE
5,Zenchef,La 2ᵉ conversion (position 2) est utilisée dans des dashboards mais n'a pas de conversion nommée. Laquelle est-ce ?,,,,,"5 dash : Chilowé | Performances par Lev, Zenchef | Performances Globale, Zenchef | Performances par Lev…",,Zenchef§2§NON_MAPPE_UTILISE
5,Zenchef,La conversion principale est utilisée dans des dashboards mais n'a pas de conversion nommée. Laquelle est-ce ?,,,,,"5 dash : Chilowé | Performances par Lev, Zenchef | Performances Globale, Zenchef | Performances par Lev…",,Zenchef§0§NON_MAPPE_UTILISE
0,Zenchef,L'ordre des conversions est ambigu ici. Précise quelle conversion nommée correspond à la conversion PRINCIPALE.,,,,google/ZenChef/Demande de Démo,,,Zenchef§0§PAIRING_AMBIGU
0,Zenchef,L'ordre des conversions est ambigu ici. Précise quelle conversion nommée correspond à la conversion PRINCIPALE.,,,,google/ZenChef/Lead Calculateur de Performance,,,Zenchef§0§PAIRING_AMBIGU
